Temperature (C),Humidity (%),Wind Speed (km/h),Pressure (hPa),"Rain (1=Yes, 0=No)"
30.601681834618418,44.03305388224366,9.327668795992626,1028.764288441903,0.0
26.853301795287145,56.33446998400789,14.598628027134552,1040.0470854781618,0.0
32.9457827870019,50.97042244784114,9.157751035233218,1046.1743909997542,0.0
31.51147584881674,54.16845412488945,9.439194545063778,1030.3941603820183,0.0
29.250929505762073,78.0419092246863,1.1191961939772788,985.066030473128,1.0
31.94150573509831,43.34536636963829,13.141256855911617,1042.0578310489182,0.0
31.346712732539416,42.67868573576719,11.728716685980798,1010.026135630452,0.0
26.392453711175953,55.31297467012696,8.529585034523565,1042.6789562908734,0.0
26.421371237934576,45.25665316317482,11.595107686407701,1043.3457604190069,0.0
22.781859326150492,85.9785179936507,8.512069140487688,965.9726366323723,1.0
33.74222524685176,59.218455506466626,11.567294847216079,1028.3171597773612,0.0
26.569055200289185,74.41220442787113,3.8432664715968166,950.9455434418535,1.0
25.794065846430296,68.98142515386031,12.428814936679391,1046.8295860137055,0.0
32.221432354559056,62.033317962267745,11.996395696221217,1038.377554585359,0.0
30.41407607347585,68.56665357092784,14.281820981139514,1016.8374560968339,0.0
31.369023174547433,41.12713271196722,10.767023988577563,1043.786636363609,0.0
28.350080127263496,90.818453334013,6.181557343181191,951.537053958493,1.0
29.309852205132962,42.13474855520298,7.595764492750492,1018.8178401698168,0.0
31.019234310151315,40.23524772315751,10.07805063958779,1039.3970338957959,0.0
18.75364347246893,80.05591724937703,0.603520839905638,965.2775855861158,1.0
25.817253457467782,41.98029532420725,7.642762631586393,1032.5363345793542,0.0
24.677591856141746,82.31190480968985,6.340057030996114,981.6012174522824,1.0
15.273327384773246,78.12234019430662,1.8097695270948977,958.5404546524269,1.0
34.81297090497247,68.72344057114289,11.41734397298558,1040.371700276739,0.0
23.231006840498793,92.80683579669059,4.261813022359729,956.0809941251459,1.0
25.83678172892258,96.31601622439325,3.6852634372376114,985.4641686096187,1.0
24.546156168956706,78.35771017095875,9.691026301408113,962.9348624846208,1.0
29.834074359731467,41.550061649738836,8.549246608770101,1013.8144368509202,0.0
29.09628894895232,40.000349042660986,14.988926120332906,1046.602429300689,0.0
26.946238367048718,55.26671666773168,12.151001612837,1034.0979776786635,0.0
24.526404763014657,72.56049004235932,3.4593499254696294,954.8600550520367,1.0
29.57673124081441,81.31852489313869,5.924077846595176,987.0800387169718,1.0
30.052067735766382,66.75616434432204,7.475597702798864,1018.8201705374258,0.0
29.793161167194043,83.38017318873867,8.633336495718252,961.287482987728,1.0
16.5116700206614,81.19927948839259,9.713950940416396,982.7114131942778,1.0
28.30629636397676,74.63088145822607,7.496518317429247,988.5246044635669,1.0
32.660647765353026,52.40928024755906,8.53789158736436,1025.4929007190126,0.0
30.387017979527144,57.57594365360558,12.011395944174737,1026.2721920380689,0.0
25.71711888847651,62.96640251547582,5.949179368216697,1025.1616194153214,0.0
19.879954961448966,88.60928654060393,6.275054632183701,986.0009249359205,1.0
21.29400093641685,92.12503744329246,6.587077755008761,981.948567666183,1.0
22.840992440729913,90.02673215563081,2.2048620907017535,960.9664266623922,1.0
15.380261151231863,73.739880436098,5.475923761537363,960.6018571330002,1.0
30.333866287653628,51.530651155724044,13.381549749886425,1020.8596801017085,0.0
16.28021197490652,97.67498143531887,7.064757264869011,950.4843390093955,1.0
24.749458961666477,91.667577051792,9.866625932671464,967.5041249622157,1.0
27.892447719726544,51.128230244732954,13.371196278306522,1049.613292151746,0.0
30.3302886724614,41.629961044687114,12.483843496762313,1032.835096673579,0.0
16.220231709628496,87.2954942654276,6.734324333249173,953.0823311653733,1.0
28.690530217609165,41.347338969868474,12.587153211639208,1014.7457506296632,0.0
32.56751505688635,52.15308083582699,12.066298698787095,1022.5550198688989,0.0
32.98380340518352,45.58407693260044,11.989488284873856,1019.255225455074,0.0
29.85080775156395,79.35166203386645,7.975591006371881,983.7742833095847,1.0
34.849896561408755,50.734422523406465,6.5482861259771985,1039.6656580734416,0.0
20.495427649405375,95.26356769407126,9.710582451653679,954.0568331379686,1.0
24.113172778521573,94.38703027390233,0.3700763471549262,962.4523079662401,1.0
31.152980250698022,48.111798591535766,5.137455540113453,1043.8048340598414,0.0
15.308767414437037,88.4024558780737,2.2120944181960223,982.5194295486438,1.0
23.524629050032075,75.43699198496981,1.5105789178090023,954.8553975768972,1.0
34.07611002556555,67.78582205295346,10.484191629935626,1024.0327643734006,0.0
26.54990329647916,97.96354847450837,1.6748258225906976,978.6529355225073,1.0
23.968499682166275,96.29960807975036,9.979341105333376,959.1231908779573,1.0
30.233909113743664,65.37764319033197,6.133035047274642,1015.8768769433508,0.0
17.41212077126248,90.44508166671788,9.971245001577111,976.0080436959262,1.0
32.932613504382545,40.00404079013456,7.587116421554409,1018.7483920129433,0.0
31.70732311905834,40.29771463383507,14.52815017002506,1041.009762073398,0.0
28.523749466096543,46.472220375293624,8.01046077834313,1012.0097203929192,0.0
26.230032951237455,55.50095155678803,8.245118001753422,1026.5269006883088,0.0
26.58367153944986,85.41968467479433,2.963081204559901,973.464338527019,1.0
26.147688718692173,58.408123427123755,9.036010023615912,1023.7058058609009,0.0
26.33326707814573,80.92809583144226,7.582384757040913,982.0142603128945,1.0
17.82181739585642,87.70692000607261,0.7319592376844364,955.4141632911075,1.0
32.75611850925328,64.6760438315259,9.502542461428902,1048.0577930265238,0.0
25.346702667264832,46.761438040202975,9.289443334301442,1042.6963138922445,0.0
27.339008409894873,85.17666036653398,5.675408482615581,970.488876832507,1.0
23.862498908535162,98.41850018835446,0.7857849715502074,970.7363208778081,1.0
32.120140203307805,51.0943976796153,12.054608302834863,1043.102122090962,0.0
21.60228740609402,73.87478245454486,3.152903378306103,971.0065353466824,1.0
28.804200075075624,61.41857897519769,7.531015391796087,1017.8567686348807,0.0
19.84434709411869,97.76705538720329,8.017280830697919,957.4078227146987,1.0
30.12654753145053,55.475857081369846,11.851343098744842,1025.683743076183,0.0
17.113863374621438,81.76732135299197,2.3877714576830233,976.7019959716588,1.0
22.522744420307994,74.49752282046322,1.0493017841817487,962.6162758299205,1.0
27.032954711310595,83.12424766071187,1.1047411313139466,953.8214125533867,1.0
17.346555640066292,71.64284916466094,0.8162998203058958,974.9865427541705,1.0
30.43538217342646,52.213194673768825,8.976123785528706,1022.0967804511415,0.0
34.80739343583429,48.701365958873104,6.966535849529587,1031.1976234772094,0.0
32.266709920703235,40.04060877146404,7.295981607539686,1049.6043538434747,0.0
33.292867993167555,50.355766254826314,6.172039056802334,1037.6422325095705,0.0
24.175811193515283,80.40859605688684,7.896985071424791,988.7395511037754,1.0
24.43414270169826,70.59131613263092,9.694123223352875,975.45165415917,1.0
23.376063746037076,89.95110023638766,6.178472402012138,958.8244781084485,1.0
34.36822462033092,48.98186765115044,11.854438832219016,1020.7424866981457,0.0
24.74449348570822,73.72891670456634,6.545112142811353,989.3471570105365,1.0
28.31347007103051,45.90777113360285,13.035376594626033,1028.5592679266756,0.0
16.091445095462902,70.55172029642401,3.079299415911909,960.7928288051286,1.0
31.07089578718754,44.028245527068265,12.927581135728127,1029.7127833813129,0.0
28.308191138644897,73.84137516873318,9.911686261369766,967.1279845970246,1.0
20.351299900403838,70.43633997003646,4.177667821673338,960.9922414219254,1.0
33.21198282550226,61.8658432680984,13.03002071957837,1028.6677248353762,0.0
33.293946648588474,59.393762249137914,6.6528449014295745,1023.59887455173,0.0
27.847347617824834,92.49881411197534,5.786754085723934,982.6378775587447,1.0
28.85511904736922,63.41895152276672,7.28875462483499,1026.687736742583,0.0
29.042321612411715,88.60218267785541,2.005247267003367,988.3830657728413,1.0
33.90258053017802,59.991562407346194,11.167836078525411,1029.445219408597,0.0
29.711678989328146,41.44558037179889,7.688535143821936,1040.4230256982114,0.0
33.499753714806616,42.16949425773816,11.56756063474557,1015.763151440528,0.0
29.017788006543242,64.21212711600108,11.486389567688155,1011.5756733477127,0.0
15.611627123321458,75.59701072153918,0.0638587171683358,954.6546559154191,1.0
25.389960125749116,65.45276137271574,11.543420054927196,1023.832243936417,0.0
27.56530062444248,40.265898553404064,11.71479148667207,1048.7104586107826,0.0
28.09372717862782,46.66227612079962,10.837135877313639,1023.1271793119045,0.0
34.80987378162685,69.01105825768438,10.928401805081101,1047.215936806773,0.0
27.747315255195197,54.966869936078254,9.839893681797472,1024.3683498793075,0.0
25.944092675070962,72.27589984325992,6.134113892107077,977.8057821619037,1.0
24.273270949743917,99.53206542110657,4.888465802569202,972.4264037766468,1.0
18.869124415727335,97.88127967382758,1.0250972799067926,955.300986909674,1.0
26.248208139668485,61.11099338887153,9.884956326599053,1012.0229241529692,0.0
31.085272726964668,62.1360855568459,7.778527760897123,1019.3002396883132,0.0
16.90590768977827,70.54330551462522,8.005866991090828,951.6669160240954,1.0
29.305293384622075,63.1336844755566,13.881181889340358,1037.0975228491318,0.0
23.242933234856032,70.67407924960352,9.651186964360456,953.7196255929252,1.0
34.62810357074026,51.15217884718991,11.939495905101568,1034.9075816379918,0.0
24.225108400487546,74.55024639198254,2.6899340443509767,968.1750933823985,1.0
15.364739496471808,94.49798318414732,4.732099066915572,957.7849004728306,1.0
30.454318694069055,55.018728042112535,14.51423220845566,1028.383362288545,0.0
34.0922020586156,53.48049226118926,10.875858711094018,1044.3917869924658,0.0
29.20872866075788,70.32987485975441,1.771497894473859,970.6907622576643,1.0
30.586423964504252,62.76328761271975,7.695118622922727,1037.032917004163,0.0
33.02585679579813,63.7778534886515,9.334722327556344,1021.8543045405315,0.0
28.959704726624548,44.0148508899908,9.335827926326143,1036.4666903851676,0.0
25.101311840277432,50.757353845746195,7.415006279928335,1012.7380181026407,0.0
26.111529266313067,87.0966905461395,0.7244688779455888,962.9870370756024,1.0
29.92325480001182,65.95887276726737,7.11231831472931,1027.6842813871888,0.0
31.541746014740745,69.93462567045935,11.322821536376399,1027.5896194603163,0.0
28.82811352534675,82.10448598637191,3.5071181545171015,958.4817935963291,1.0
27.111602327460936,75.53563058069132,8.887480798689772,968.6082244913488,1.0
18.558736312452,97.88587432743478,2.207696127887604,989.7946526867906,1.0
26.777639420895206,84.06079479384911,4.742142166574638,960.2710627088203,1.0
15.082831756854036,81.8962834696381,0.42093189636361883,979.4749497977673,1.0
18.881699724000253,88.54384721373688,8.85977748236187,988.5170750095032,1.0
29.499822285655043,86.30658583341966,0.32526179491251916,960.3925283498014,1.0
30.406984766449103,63.49595239895878,6.613628010553837,1043.382871610225,0.0
20.069927352773036,86.28173330042789,7.024649705441039,986.0704796854169,1.0
26.425941440819088,59.63952060597863,8.252906183617478,1027.1383161539518,0.0
30.0545511791045,46.728804498551355,12.837382510752365,1048.62988839279,0.0
30.074119387178087,47.4202094745725,12.227377522388046,1037.6804502378661,0.0
15.231849247933011,76.96638085440452,7.610239909429989,966.6461599271904,1.0
31.079052140907038,59.03091066615062,12.665150495325847,1042.2285810267288,0.0
25.718938840500932,70.13896069013809,1.5954468011318834,954.8554567263762,1.0
28.143501131837482,59.32447664427748,10.383319432557133,1028.6519765175929,0.0
18.564563159885996,89.37751723994803,8.71843527745232,965.8792606829713,1.0
32.90509794274885,40.342539503622206,10.359350788521182,1031.9947425110481,0.0
16.756005246414087,77.73663056299607,8.679182945200221,952.5941437793188,1.0
30.41704812410004,58.04661637899472,10.27677466221695,1045.9185858739115,0.0
26.19067318898135,77.36047329043963,1.0659303030799072,983.5920914254247,1.0
19.062483768931113,73.39714137522266,8.148251137465122,953.9358259885358,1.0
33.6456360952267,49.35591573750649,13.763194331423115,1036.7147162680326,0.0
20.83015934534223,91.12239304297671,8.736771141863388,964.1368551721088,1.0
28.188668183211387,42.07022777838449,5.33676403874464,1045.4472708851738,0.0
32.92854419033839,63.26038451209406,11.724604980250287,1035.7898099430727,0.0
32.02633773085516,47.256798823386674,10.6067829493895,1027.3537569142097,0.0
33.28249252437219,53.73098815477882,9.543454230676552,1049.9823081300176,0.0
28.352080473708728,46.266481720154914,11.30247219456158,1040.7779557632819,0.0
25.437390723089475,57.40266504008363,11.363742815333744,1024.195907339462,0.0
31.761775620754342,62.15792374396992,12.644407280755043,1010.998866484682,0.0
24.343357137285004,90.89952471630677,6.364302495436367,952.8502691106104,1.0
31.649849034759953,52.12869241764607,12.892928483196856,1010.7662194220501,0.0
27.539701807683088,96.09689086186384,4.523182845183001,953.2868666990571,1.0
21.584571310584543,99.54523596887003,0.8011484638467514,976.4121087880535,1.0
24.649323276635297,83.59866504244083,2.106621890056666,976.2464735072429,1.0
22.846467662552232,87.90528546750667,4.35583314812933,983.6773426716724,1.0
19.34627179370652,71.17936419523296,8.158331249906178,985.2031635024583,1.0
28.75329907919602,65.87921413447538,9.233351441531976,1044.8275382182976,0.0
15.681695705121868,90.65207189283208,3.961726916092554,979.1175722789507,1.0
23.184251839739026,83.22288240814684,6.3156022009252055,971.8010767558775,1.0
17.542391200291387,74.17816217990162,6.855652872289713,989.0349501964022,1.0
16.457647406561527,93.65791633673592,5.819714019143988,971.9183795589477,1.0
30.126677259564165,68.31104778460663,10.590592849466022,1042.749609179362,0.0
31.428819100587077,41.74275856241049,13.81690611843508,1025.1900609167726,0.0
21.95547607409973,80.8292169082008,6.034485933813779,980.0550034411618,1.0
31.863271966860975,59.34497812066941,11.55173714524338,1019.4991422700903,0.0
15.349079036037388,89.76771825730454,5.148173539296902,970.3344218766512,1.0
32.308209649807296,46.32114891601609,14.444485826943033,1048.9230719164918,0.0
31.68572646722914,50.71363477901508,12.163971119580989,1036.2563841400263,0.0
25.545284383427667,77.27411510904189,4.951465270139743,956.0966405332167,1.0
24.636289173094735,75.72063161991,8.734232380816605,960.0896408069344,1.0
20.791539567011615,86.78920993924653,1.315676851272598,987.4955226598847,1.0
32.6190181260487,48.89679736617792,7.1163589856986125,1013.3651064903753,0.0
26.14932997059567,59.078641214911855,11.314189212183763,1045.3834755291846,0.0
25.57647582199025,51.07842310646623,10.931582190394682,1016.5207645525954,0.0
25.511353814421007,40.87509290935793,11.711574733796887,1018.8495478578426,0.0
26.419719897609937,64.6653966044927,14.362806214689266,1023.6164622445704,0.0
26.698133187864357,84.43420305564453,1.3008624013063197,971.9811814358006,1.0
18.3640396419084,82.35522742441806,7.948095487499294,968.3920169507728,1.0
28.580729646288955,77.78270300293877,5.853543643967521,963.0772646535231,1.0
15.215902329446338,74.22571061139399,2.2845474133129873,973.2969063282899,1.0
15.07592375769328,77.63921964291292,2.736266662816659,974.7835181959132,1.0
33.9398971000787,62.22712168456214,5.913914863317764,1041.9092905339285,0.0
20.37698592816409,84.76348879238614,2.1825388786506417,974.2837614435513,1.0
15.696756190799967,95.9416712876516,8.289154741506774,971.5664510670101,1.0
28.49506372086819,65.02433791002028,7.763191084658536,1015.1871591289694,0.0
29.470555438064252,55.57096840388646,10.056341534219587,1011.2041548884528,0.0
29.117655415845086,48.98697033861622,5.769794670649663,1029.5133727417606,0.0
29.56236508955542,69.79765046268892,14.08228488700323,1047.3021951367725,0.0
30.775933658811574,48.142281413401435,14.770069544389434,1019.1930690319048,0.0
27.52953743383857,74.58577417552996,8.179670241190621,984.0569983098038,1.0
25.309557909193437,52.67887591040827,7.320181803088107,1036.843726283439,0.0
20.30028342039079,72.74746219979903,6.682127985550163,976.2782062506856,1.0
33.237903842212944,49.65009968978646,12.819599771579592,1018.3623749482739,0.0
23.14044124737373,87.69753060563899,7.375823015888915,966.9495301459505,1.0
18.776734437380462,79.66237496749535,3.4780920790219305,983.6813317750568,1.0
34.000831830164806,67.0582059024745,11.195262000363034,1011.030783950574,0.0
25.01565105191473,42.86197831939632,10.180080664046248,1029.2852839567936,0.0
27.398741127559447,52.49513295711637,11.493223245768817,1018.1779348985709,0.0
26.367691656965537,83.57318548398081,7.192017782722639,974.0752635854528,1.0
29.712871673981645,58.23256366758167,5.56176077347439,1032.046398476655,0.0
27.7951418320104,88.72713987741976,6.166503145207381,955.48438822916,1.0
27.1789255425499,46.78375993749016,14.976282974021565,1022.3387312595794,0.0
27.92218230461898,40.52657090099887,9.392106012497173,1021.2646416842252,0.0
29.637781191938018,92.09332706874169,8.709691237460856,980.9861412472472,1.0
31.678046832264066,68.28172957282337,8.910328691273985,1019.8663446322163,0.0
33.69969159647685,40.75580241877688,13.028109348245005,1046.1697316563027,0.0
17.772816832882906,93.16955175206918,0.21269410850387138,975.3260550237609,1.0
26.54459747223324,56.172836582080265,13.254156641239481,1015.8574502641127,0.0
25.979909127171076,79.28582848858983,8.729458358764083,951.0256826322574,1.0
33.60139693349435,42.65814141909037,12.37884984834606,1044.5863568743257,0.0
22.547043878701317,72.01229432165283,8.670314961224486,961.4362715695664,1.0
31.771206397350092,55.675305432567654,12.481839120488463,1043.7684930114458,0.0
26.140957848879335,62.21428395860558,9.32018927594506,1020.2585224406706,0.0
20.977571015960603,74.4598818325934,7.42706521199981,987.7230335097883,1.0
30.11275462200751,43.951450857372805,11.590454101322324,1029.7014152285715,0.0
25.436230334769256,93.12736611237466,1.2020905537060844,982.1057323918284,1.0
33.70578425046007,59.21428126527532,13.660956336116914,1024.8586905049751,0.0
29.233283058799998,86.66295116807882,1.205668857772788,960.9049600293414,1.0
17.557861855309373,99.99153019858392,5.96269878482053,974.4133513324367,1.0
22.539556396577883,94.43724160694146,2.299546058910862,974.9558334516655,1.0
30.693773611822827,69.35576405167421,10.993021161394378,1033.3300956925023,0.0
28.506270857449955,85.22831136053365,3.4588305695295674,965.9465211108925,1.0
16.741089607603744,75.2916095951867,9.963339160567418,979.9229271771812,1.0
23.979877262955547,94.41385059120846,7.322248864095612,963.6499131050463,1.0
24.09643589489385,71.90124911418303,4.886431904046658,967.5804675453164,1.0
30.32420682275217,58.797775332796306,11.212924490496102,1044.1018968498388,0.0
28.388606493387517,45.70322949351183,13.038145451934467,1032.7189718926431,0.0
22.74450522451793,98.03101044307044,7.140869321324278,976.4548244428166,1.0
16.154698647431896,90.71184485888097,1.5389590633985506,971.6004765841805,1.0
17.144875230792536,74.18068222218473,4.547398556338591,973.1993514971252,1.0
16.110669776011356,97.79762875484484,6.796472826930699,975.6788600177306,1.0
19.664734825734932,89.00202562950177,9.447320222914103,989.5114208085955,1.0
21.9839702719869,87.50175384298362,0.8786649914483335,975.4667872866883,1.0
19.963470372789736,84.77854281978608,4.175807757849284,973.7790534074469,1.0
27.03223091086087,64.00010445291045,11.068469555401391,1018.4450377023215,0.0
26.96097712738393,69.84457881897853,7.034727424975959,1049.222729082429,0.0
33.90097035183808,44.54785224400298,14.009608956904678,1039.2598585617257,0.0
26.26306601687246,70.39005770532208,6.171449866040301,964.2153827474295,1.0
19.19900845418914,81.9450608077283,2.192139873580443,980.9853512255115,1.0
31.63789686175589,61.68120873094685,12.837598424841072,1018.4317240620012,0.0
28.842067129858002,62.25688980876146,8.12777989210354,1039.134834173586,0.0
32.56213613950177,64.50338399516909,12.6230262450096,1041.331919318242,0.0
17.33991780504304,74.87850818034674,6.587833667107174,965.9529112358761,1.0
25.481428359783536,54.2142948519384,11.077526830956526,1048.7230552580293,0.0
20.62305869285556,80.67018149394848,0.4821203886055603,973.510774434488,1.0
21.413115275378246,75.1695961360489,1.8643826214425452,953.1767747595595,1.0
25.455236114929022,92.87376057222072,3.924935564066848,979.494283095512,1.0
23.78663371910195,84.16200835329998,4.217209268734554,968.4215798909656,1.0
28.43167353172658,48.47488197918557,6.9092658507164355,1036.326392971903,0.0
26.080257541306914,69.43533510286883,8.754689284665004,1016.9009550778545,0.0
16.772472414324845,76.93224389764214,1.6352387258502277,977.5554120820036,1.0
25.12607519975759,61.11571274902994,13.229838050417674,1016.0819426969797,0.0
25.45105748046226,90.15678230796185,3.910815366517607,984.9329166344323,1.0
21.834851291785693,93.98247636906937,2.375441308743275,980.6205159596444,1.0
28.388384977349666,94.18603839379185,2.6560004258870604,972.311336694801,1.0
28.406041665812918,43.83600403667253,5.6725591396736785,1027.2520682536406,0.0
19.416733381043784,73.50694122125093,7.965372909761763,971.4124052581037,1.0
25.522578792860237,50.761465762510404,8.32456157148712,1014.0391242727104,0.0
25.621088666940683,91.7715852516508,4.894249636431405,980.5953304616851,1.0
25.88933518305359,78.65891659720768,9.734889691773969,951.0324762779795,1.0
31.958991181688024,49.5276038578335,9.340209727087588,1021.1457225246014,0.0
24.34947190241337,99.40097725856431,0.8941100231225951,965.6362398362206,1.0
25.456487455023836,63.79428621990218,13.825598767723474,1043.0620429676585,0.0
31.56780104724294,60.47851663670207,5.153948916913085,1040.4978783469946,0.0
25.367213625008212,58.67029793851738,5.7410542257486705,1014.1306003550019,0.0
17.656660191105736,81.30833288274722,1.8552551570312115,966.5651901011571,1.0
15.457503749085742,74.6005420934824,3.9692327620159604,956.0067600326817,1.0
25.3784279653904,87.86916221823533,4.513870243296755,952.4539850844267,1.0
27.8152119841493,69.22583331449071,5.0199213521907025,1013.1575761178623,0.0
23.632112668138184,71.97125918285057,5.923503285933622,979.1396270864645,1.0
16.25251075048003,87.92239306510925,6.832480282896459,967.3607746469551,1.0
20.896465870001407,93.8580193557967,2.7421520234867005,989.867874154119,1.0
27.702476921307834,64.82518959619664,9.54764342552661,1010.9483101457807,0.0
27.593348973170944,55.41563392620303,13.044140596774733,1036.4687473057584,0.0
27.19068809101858,42.19244686081045,11.483180074520956,1031.2916750380582,0.0
27.469787990719997,62.93583383964153,12.966813971913723,1042.1056124941172,0.0
29.43258822711813,78.660812103121,9.994137257706665,972.8748908490875,1.0
21.873793357372747,85.7317080798274,6.229665835634828,957.0971507787883,1.0
18.35393757779179,86.99213920890692,8.707534503372592,963.3804515496773,1.0
28.894818949024202,45.01963912003181,8.892304716917884,1031.858341669125,0.0
20.263725188281178,89.00434659478442,6.391199378155004,975.6930210362091,1.0
27.99264218662403,94.67611728769506,8.491956515653193,971.3441018690752,1.0
18.630829072672505,73.82740908386691,7.527166395576412,987.4783129212425,1.0
30.61222788282525,62.98347798386759,14.706765454097441,1042.3609456116671,0.0
16.272565711277878,78.22165662061619,9.699120461072704,952.3420371697591,1.0
21.818115971516598,73.19794759401316,5.444890979608496,968.3274754695157,1.0
16.368091545730355,96.83656680682274,0.41572859050392097,974.7835734983936,1.0
31.341040313763315,53.36624916225673,8.336283958368657,1036.2812199293644,0.0
28.424479788347135,67.98774587709016,5.533479969888977,1019.3525133237225,0.0
15.690039630326291,84.95103318218439,9.747931621467831,982.4707915236055,1.0
27.38796211381539,69.36943345524426,14.467337289233956,1017.806660688746,0.0
34.61135485407593,61.27962485417829,12.073970000329277,1022.2886566808509,0.0
27.586208348880387,48.43013496726141,14.650153694544718,1036.6884934877673,0.0
27.871379580845755,44.28627884018235,6.885406057492512,1029.5849784820098,0.0
26.9809763275974,60.304638965721864,6.989921389594368,1021.1347392665062,0.0
25.65204591260492,66.65977240796195,13.829938248297731,1043.529216843272,0.0
33.58341676799121,47.96748498875818,12.483558536657398,1021.0985871889982,0.0
20.643893782963737,96.21670232687546,9.446142194740233,963.1277101443725,1.0
28.59531577642104,97.4323583777488,5.706097466388297,979.4265245695676,1.0
28.3806983276567,76.04881960143234,9.839776479598282,982.5588107802407,1.0
24.880404474284177,76.29716779286757,4.386154191895905,984.4547998545374,1.0
27.972378077086173,47.39810904934074,6.053454844813332,1016.5116395682492,0.0
24.779418892539006,84.14728565650475,1.6362382119166918,981.2304634427376,1.0
16.738035892876944,77.74733164896875,9.499611839502254,971.8678965085628,1.0
15.77218126874984,93.67513715822015,8.505817290942419,981.2811235068154,1.0
23.109526824151597,87.2886508050044,0.5197128365147241,964.1300563400825,1.0
33.81927758304644,54.81442121370786,14.514907101767871,1041.7037925283653,0.0
30.06266059495203,44.972493394604676,9.850946599795401,1032.6642103562185,0.0
29.4973984245054,65.61885900866267,14.060870604812605,1048.935304766593,0.0
17.598028048650228,75.34107900609254,8.682725054083805,967.5761995877781,1.0
28.517370157364837,84.86473948618595,3.664615348713979,953.224060550285,1.0
33.04906776841439,55.53881583137737,11.736454174749078,1038.6419989296858,0.0
20.06422757105442,85.96340455795946,2.2018320194981134,981.8179984315892,1.0
25.420246751714053,40.50842994668743,13.588167711681546,1043.9243694006252,0.0
16.17684572013399,95.16694259337802,8.948166560605276,980.5749064888695,1.0
25.965344701954407,63.411283707129414,5.835543375106898,1047.4193805410998,0.0
29.274896879206153,51.62946416366941,13.384918338430248,1035.0931574036272,0.0
20.618101782710436,90.94485142059236,1.8513292883861965,970.7632714054487,1.0
21.134294166214048,87.73826307234788,5.264026609361132,961.8177910990968,1.0
27.800373295504894,43.606216873617285,13.587642793494721,1039.562679037575,0.0
32.078350972297685,52.22629093097292,8.465241679527182,1029.3815198032005,0.0
31.924928266692252,66.77674682459423,7.646350269253573,1016.2725082126723,0.0
29.639324866883364,48.8385818903858,12.509397983633182,1023.0501567216459,0.0
23.30781426601981,71.5427744045275,7.622851347766158,967.1862725095574,1.0
19.800744015459177,82.64273651777494,6.638045276218051,979.8293513092493,1.0
22.681395874489215,72.40701236984927,6.3181352701666835,984.722267604298,1.0
21.406616829393844,81.06740918709318,5.5085737060913935,977.6001956328266,1.0
20.11205310379527,90.04255409711939,3.3700317643128628,972.2033979720915,1.0
26.873685655887726,96.05403927693739,3.161561049767505,977.8247258598723,1.0
26.65774540163276,64.24705630027667,7.685337560676073,1033.2279633821713,0.0
28.112174950633936,52.49697485446877,8.26639249425911,1020.046770701936,0.0
16.793913689074525,74.1648151794823,9.427317741351256,977.6974460529748,1.0
26.54145043178487,41.27266894620675,14.291395200154627,1026.725791526512,0.0
16.702102818608836,77.7370848113482,3.418721660386861,989.0244080343966,1.0
22.67013598291407,93.91886097338661,4.805069472578289,981.4761354502118,1.0
28.458774607378572,66.27649250551171,14.961576734987789,1042.978860704182,0.0
29.80330404900776,80.44766401069901,2.8723899165408175,968.0707071494892,1.0
15.560222831238216,87.58689496050391,1.3271575404306035,979.4973507488594,1.0
18.331617157060954,96.85620513061598,4.9587573507877085,963.9028609695592,1.0
15.775225817529115,91.21715902940196,0.3158614482564204,988.2600559319792,1.0
15.863381400249665,82.756405134077,9.86630122958847,981.7678932510834,1.0
23.31531078767101,80.39037983097884,1.8211791568869928,951.6780489372654,1.0
19.272607415662016,73.59286395457754,2.6702827016942132,953.5649772846407,1.0
22.41630457053872,93.99565767841946,1.4834320096208886,964.2197204176543,1.0
25.271674212255597,43.68762035396163,12.365352283347926,1029.3272345325468,0.0
19.848043980311328,83.42237100470363,0.7613085949030018,959.3856832742182,1.0
26.65720373891155,88.0155058130096,4.971747640084273,953.5440171871846,1.0
16.354346550816125,73.0534741786121,1.607598960483082,989.6863205929325,1.0
23.886218532930638,71.69126489952781,3.1910047324325563,982.1210359133065,1.0
31.522242595454724,53.78994611207984,10.356565993475787,1039.320004288905,0.0
24.49652185909902,77.27229197245241,6.209155177674771,955.85495968649,1.0
26.259221274612877,72.98324178278035,9.698210450785448,979.0584686045202,1.0
31.125734683448194,45.747788372044774,14.07838513883534,1034.5118334214603,0.0
23.863394147823627,78.55285506081542,2.870381331749128,982.6979883396476,1.0
34.1807655219915,64.21466612094648,13.379083748518037,1045.3942047078401,0.0
29.43670942413167,70.6021359333318,8.246809659251491,971.5982852112223,1.0
18.39743662796907,85.73534168710763,2.5980358106415977,982.2370160047049,1.0
15.871254182522993,97.32781553481527,6.922765645178525,973.2068947690933,1.0
30.214456890435894,63.43965567241915,6.716939077054496,1018.497891087819,0.0
29.539538034286487,84.89098741603709,7.978136488586345,984.9092100193841,1.0
27.231921426822513,88.66260100683621,0.1787393473341381,984.5118831017292,1.0
31.88274235780237,46.912499863520495,9.11191517994586,1011.5707765696661,0.0
32.022587660316645,44.88099231425698,5.083636818768571,1034.5588122530094,0.0
24.682084438607518,83.17404725710655,9.681934279147217,964.7103740350916,1.0
15.553304210317991,96.71581842219685,8.78629986355158,980.2108168198723,1.0
27.069925784384267,57.08619338701311,8.894049389788753,1033.7938951800763,0.0
17.928644816970667,80.76491452370507,6.5166682537588505,955.228415069608,1.0
24.86419338450515,98.15021370463114,9.508635622504103,955.6899747474879,1.0
29.585230088818907,45.448419032698084,5.389380166876656,1020.6371380252848,0.0
27.61705683735906,64.82556766318909,11.72702994208898,1021.4607819570849,0.0
16.797980510005242,85.35032326346999,0.8104621590764793,976.5964689794887,1.0
27.857835555258703,45.3776683572337,5.845653780972379,1013.3409965872007,0.0
34.505310525862036,56.39731426096885,13.361177032072488,1036.3464541975907,0.0
24.899760690512686,86.70288679041789,9.372284872364512,984.4805792909049,1.0
22.427653651669054,88.1852390335264,7.907231648389636,954.2750769237897,1.0
29.60358271201926,60.32626802376859,14.411208125336735,1048.4596929829645,0.0
18.431972482374338,85.1025181256457,6.960206180537922,959.3484832764174,1.0
33.221031606002256,47.25795040946589,10.829260568042631,1015.0400811145598,0.0
16.327387530778793,74.02045685351922,7.671882889311269,974.4392395540397,1.0
28.432848427443005,96.78015133230925,4.746308757498139,958.0992224066094,1.0
20.614061936341805,89.54261165055593,6.726021182251262,981.3958790844587,1.0
29.304274103209902,66.70423412188043,7.062521138361526,1023.6843048345438,0.0
33.655771456245525,49.29363577627298,13.860934353132082,1025.782892612757,0.0
21.84104976325554,95.14986114133413,9.442664891134338,969.4348703674531,1.0
28.028986922841902,78.91365146869525,4.069079607228706,964.4894176660915,1.0
27.50966661340298,63.06768346322923,10.18700994380595,1012.502593688778,0.0
30.653302545716098,64.85407898347351,9.1833386410228,1041.9317278883675,0.0
25.834640849893834,65.28135706481665,7.483762603698002,1041.8370554857402,0.0
26.109894692134812,68.90497722662765,8.544249487930548,1023.8033498205293,0.0
26.161389602005258,64.20080559084218,10.633953507126401,1034.141152260045,0.0
22.11260743630988,87.4176505083413,0.7219840897917584,987.123345613042,1.0
26.626992350416717,95.5654450095562,5.28937134027212,974.0644728058533,1.0
32.76710556955181,53.17449449901245,5.121567714773868,1028.600380701057,0.0
28.473433262588426,40.57348283289292,12.326990505902804,1013.4041394447914,0.0
26.600249364631942,49.75885402069093,12.643533864364274,1047.8702497876895,0.0
28.618530932051385,65.30948992155471,6.834421964034345,1023.071788234311,0.0
28.160596078919333,71.00597304207338,0.11620539908100636,956.0019465877593,1.0
28.945760755976465,40.363093503283224,5.053134756683459,1042.9420890644728,0.0
32.53961903596784,63.194256217560145,6.603654061197432,1010.4113798374277,0.0
25.33189354562426,40.44080165964861,8.09806875322469,1040.910856786603,0.0
31.037954529493877,43.555078707944546,6.698810060507353,1042.944944429959,0.0
25.218233967754895,60.631661272916816,5.683532003099586,1012.8413955617601,0.0
26.300672778884124,97.00055925544315,8.381152896481103,955.8981010682513,1.0
21.479175279631736,99.61828387944834,9.154882975880419,959.739291863052,1.0
28.047510953861334,48.994015826957074,6.1755130015022,1022.475177430549,0.0
24.41337120126095,72.25413345207426,0.057586604981215705,969.3187548834142,1.0
26.64706353432296,64.10448229890653,7.508930456911025,1041.0819714260701,0.0
16.516840141841854,85.77070546908058,6.668642575461043,974.1395066638582,1.0
28.580259629340958,75.45784391485813,9.09032520665641,956.5925926291775,1.0
15.953375254290355,79.86254830862525,8.791183075621646,969.8706743543668,1.0
19.07023547660844,76.38892484526733,9.840834691992951,959.4748223589793,1.0
26.87411944097582,68.52318123194014,10.214490241668802,1021.6584365397517,0.0
28.006084778701556,73.82465986995948,7.7985098889334985,985.6833875576094,1.0
15.539134106951131,97.25351684000884,5.1771164338471145,985.8047096282614,1.0
20.822548893097828,93.26582850085032,9.12363345616691,981.057897859989,1.0
16.058531211006446,76.15418921446022,4.866689414247029,986.7570613455822,1.0
15.170304671511285,85.56753115848512,6.895267510315612,975.7026079814077,1.0
25.529503158865552,91.60109609638224,1.4249554290151323,960.1868248818421,1.0
27.48663961200633,97.9818545006204,9.440593396866133,988.2209478381974,1.0
28.87040427417844,75.12662762170197,6.326218931339481,975.6388830938133,1.0
17.936867021839447,95.85356863040552,1.7968310887024197,955.2691509381825,1.0
33.57562337661284,65.65090604859805,9.323462264033473,1039.2594543881246,0.0
26.52104283222273,43.056771641980404,13.77470046654482,1013.4806887321115,0.0
20.515737045891502,92.23361947870177,9.436159201675988,954.0418324404259,1.0
27.048812741507128,49.64487103743646,8.129073942136483,1043.604323137568,0.0
27.277497361032097,51.41553129609684,5.191448679968367,1048.952016534286,0.0
33.25978212708082,41.570650605624174,9.276013337033373,1016.8283345324992,0.0
32.22814303208484,54.62883429001633,12.045544280274452,1016.1970124457378,0.0
29.63931376812333,55.09251852339509,7.026326341353432,1024.4561511626875,0.0
30.273996221226763,45.008592662415964,10.442539661136976,1024.0487754939513,0.0
25.36406607153699,73.36116706504157,7.798453951511436,953.2367713220501,1.0
34.79104938015155,48.85904432715498,9.91095729383165,1027.5271445299338,0.0
33.55737258905786,45.97645824682159,6.604626142712265,1014.4637199982899,0.0
29.978125080342902,58.74351588368207,11.801118854469728,1023.1293242271336,0.0
29.29931077390148,52.583439818719405,11.619689447938686,1043.0920859894898,0.0
26.646194411129954,81.91550588855364,5.197739485560176,958.161425385156,1.0
23.036620261121378,77.11680375207983,7.435082562916078,969.8785393162332,1.0
29.45429965633879,97.19416332893641,9.208478478156868,980.4115929248854,1.0
32.19353622369159,61.391381519029565,7.002820178676259,1013.7510610502807,0.0
30.821987465941138,68.22353561509324,13.791857726012477,1047.3721645666997,0.0
28.25104015431699,49.4688203129005,9.096710533759927,1027.961550717205,0.0
19.78463445440642,74.68457792098572,8.707499012725114,971.6894882196739,1.0
29.25910720406334,88.72446723547402,2.697496115169896,989.8533735050898,1.0
25.602860157714257,95.87091126240236,9.877223897360315,958.669592003631,1.0
27.121805693466253,72.45277095846616,5.3697442289341355,962.9733501246151,1.0
32.97914159615894,48.5282227878255,5.08319942227192,1024.8869302098758,0.0
33.80314762148927,50.360258567346634,6.5620656868662195,1025.7158043557272,0.0
29.8575771300101,91.66800795566978,2.3605046334646396,953.9671239834886,1.0
28.613497108891394,73.61907613301803,9.949078226464353,952.7769537098437,1.0
24.501056347656352,96.20735872320331,5.929399348417031,963.3200765223279,1.0
19.92996818054874,98.4535992088647,1.221099140100268,973.7217733674713,1.0
27.601577909620513,48.36279617243659,8.739210470128135,1015.8910225420836,0.0
22.029909629911895,71.40897900325164,6.765133857772465,966.8499221317629,1.0
16.369300151792004,81.39077224501801,8.682712805132587,955.9555220132978,1.0
26.411775729253463,75.45640253197435,6.077367948788591,955.135771578165,1.0
31.029428764794616,57.71913501983913,10.809503798881792,1047.5411913389253,0.0
22.08322387742924,74.55708080536883,2.3167170138344337,978.703910626327,1.0
27.831908760165106,97.445377032043,1.9954245092914513,955.123829854648,1.0
30.887315221313198,61.5536184196765,5.317437653729886,1023.4981711585691,0.0
25.23352096328186,61.378639992955385,11.237430848640091,1026.008491033987,0.0
27.884054378187457,56.334908773115956,9.422938054511352,1018.9070431649234,0.0
28.167616770675266,55.3338741771169,9.344033190066098,1017.3135111947527,0.0
30.233296311947413,55.605096769322536,13.398016066644267,1033.1725786664774,0.0
27.0201566840249,40.114597679757495,7.420220799808773,1015.720044906629,0.0
26.564507699318415,96.90365229718036,2.3066981171775867,978.9735526851497,1.0
29.548647782429917,82.54729108871857,9.87668007996647,978.7249230490597,1.0
27.876191277645177,78.7944319078304,4.308875236618059,974.6394180104072,1.0
34.72005329631537,40.4294583300118,6.013728975531592,1021.9753349482139,0.0
28.63980603118173,90.1510205321757,6.2589137643700905,960.2625113480545,1.0
15.515827816728276,76.85928416510389,3.187525029320699,972.6924887851561,1.0
18.715964842517362,83.56653822669422,4.98195716453139,961.7128814680386,1.0
17.797777655997812,74.82044119778666,5.074677337608362,987.2238085857566,1.0
16.166019554474772,74.10455892756885,4.6349404380057235,952.7583206542569,1.0
28.063134987782128,54.926195564383065,12.608513309307817,1016.7281462306607,0.0
31.345824175503036,54.900862684538396,6.018931008729368,1032.10649071107,0.0
30.174463517550414,54.099648044738096,11.920736470243689,1017.3852982938947,0.0
15.471437785301013,75.06805189216493,0.5784267656339637,957.6746929887497,1.0
21.622957520600657,78.06032078154838,0.04939980934409616,973.5280906779357,1.0
29.050949831051017,99.08411299826106,7.61027902502028,956.9409805994603,1.0
27.191993508862538,76.19263815281809,8.681422543775053,981.5445985868962,1.0
19.39816157547097,78.83397278625753,0.39343540668509647,985.447831218603,1.0
31.522916485919396,66.82282907599752,7.1871561299792734,1025.8103726172462,0.0
34.16635235841207,46.21227427632566,5.31149092793391,1048.3247203567773,0.0
28.053106766967314,48.027780301839144,6.104318634111027,1040.0307859684422,0.0
20.801030194508062,81.93566797137225,1.069806388269584,966.1192071506065,1.0
28.961359884053472,76.14952886247463,8.288833658826094,979.322851841187,1.0
26.405529675783608,40.04421466258934,6.3008066982894695,1020.8799442137743,0.0
30.16572628445979,47.78625349528271,10.417609642675632,1039.5546670853214,0.0
34.938483888996984,45.857218088694765,7.752882134518602,1032.9579946427605,0.0
31.53162790531283,50.12036640307278,10.150056597097231,1037.095725195555,0.0
28.162080202905795,73.12325745953721,2.5813343270112754,980.4448614817263,1.0
29.440437492022028,61.8694318496745,10.003594462155606,1047.0585519182473,0.0
34.096268194365926,60.223908866081885,6.153946421789174,1046.3670105621434,0.0
25.440446950124596,86.00383275928965,4.915945467414369,969.5141617570545,1.0
27.25316929951235,62.60283766770907,5.675025466838219,1036.9597683258291,0.0
15.610932034784552,82.56776348513644,6.503256863469369,976.2591442932601,1.0
17.751067647801506,70.79100923491757,9.252483174156659,950.3025149991257,1.0
29.32297920994791,86.12186808813769,9.758652558191313,975.7561701416453,1.0
28.169465877911193,61.23164050802582,8.91859373188026,1027.1983047911929,0.0
16.40512151742139,71.99488802100332,4.323348010426019,962.1310059027038,1.0
17.0628141621899,95.96521377681941,5.412665786761103,977.7980435560985,1.0
26.487959694051156,64.51384426046755,14.213075122129755,1019.0431628404225,0.0
19.382169728028273,99.09743193443809,9.243961953765304,964.0649074895854,1.0
15.397669658124327,71.09649003544284,9.007018640112586,980.2016771498511,1.0
31.341421382957368,44.09802710953518,14.271106288584273,1043.567215799212,0.0
29.22034260127639,48.4743623193108,7.7194603941844875,1034.4732408041289,0.0
22.374238126752484,70.39283369765,2.576828885112137,964.8866809535006,1.0
26.42265947576208,95.04790710397897,5.155960285792503,972.459383518381,1.0
29.84696287130047,43.32994296373945,9.8303969755889,1015.4859395261097,0.0
31.865899134926067,48.66654816727497,6.949751999002892,1025.3844430391507,0.0
28.478312827906187,74.03244030816923,3.2361021914954122,970.2456745136097,1.0
26.622334057824794,58.98135636245803,13.050903184956628,1040.0106305575537,0.0
23.419157963542446,80.3700184997159,5.126885110165086,954.1643859753666,1.0
31.50973467150954,42.305862258284904,5.75583613854067,1013.2908929710825,0.0
16.118259655196564,97.12476083481245,3.546221576407765,974.9543729870629,1.0
34.671266152591706,53.014522587295886,5.625262957428458,1018.7283013820869,0.0
23.67420211494261,75.44793150404277,3.2646130824399187,976.3741568882313,1.0
34.41725711618925,57.31367758114962,9.739212201161028,1016.448752479005,0.0
16.26160209172496,75.15037857544911,1.396512547563129,977.0587174890545,1.0
22.341791404163445,92.36318422552989,6.801407717603004,964.4054562988607,1.0
25.93510752061481,98.48561870972927,4.277731337358624,953.8285822208064,1.0
32.431931987316034,62.42333219790082,10.192245707802051,1016.0188908402399,0.0
29.790015957343066,74.10656890206423,6.926259522261645,967.6079599182196,1.0
22.944758675340097,93.0847879957581,3.0096356694681625,974.2501175100391,1.0
27.15170092018771,95.39356875203555,8.601223971892045,981.4006617534823,1.0
19.211585436612836,81.77335322267906,8.64358249839637,967.9913859528529,1.0
19.214447843883455,83.04482015811239,6.954672066898622,969.858446094212,1.0
17.798550883290538,78.30632944441611,8.774608626303804,976.4735675939752,1.0
33.33649961937586,61.43272492213727,14.956311094988834,1025.724156302376,0.0
34.06437453344411,53.449571661082665,8.067765995221412,1049.0137253391629,0.0
34.55060511484989,65.44126268804452,12.517469923958405,1013.3875336750123,0.0
34.64476653900812,64.11875522657562,14.575810150838173,1017.0196650952543,0.0
27.270221488837397,83.87604148399444,0.8698675991141014,958.0373475463623,1.0
27.055081153486718,71.83233879564591,0.9148683739775487,989.7655744488467,1.0
28.367146705471065,76.4482113577227,4.0414032165103295,970.7231506495526,1.0
30.6044063098044,53.92285478360512,8.267425420300409,1019.3770240004606,0.0
17.93974293628718,70.86348028940017,4.019309136092422,966.4411387922681,1.0
29.86000493797603,57.44866878967581,7.640619846937188,1020.2134549505298,0.0
29.855896996593977,61.88034382263989,5.2242588916205515,1010.2551617362636,0.0
16.040419513127482,98.38346386400897,2.3754332492387764,979.0391963994118,1.0
20.392367268296326,80.26245246147722,6.000205481193037,965.0355314058307,1.0
19.675666141341164,73.40672776598888,2.329594747536338,982.2397019910063,1.0
24.387898735713545,87.86155051960131,0.4010919141248248,975.8324325062082,1.0
20.238143619189913,88.31860127324897,8.715368061523762,952.7268923754198,1.0
29.07584208573817,66.14242102572562,12.374260857706773,1016.4546943355354,0.0
26.144876380659053,51.93509876506471,13.904095172193285,1028.3649609314673,0.0
33.92302498139652,69.73983704692662,7.195539232298019,1036.4765453054804,0.0
22.77494478545605,92.3183887771803,4.552201490818012,969.5296454808712,1.0
20.559632206003364,94.89225411121605,4.437502193045711,978.3072373896366,1.0
33.3704112524294,48.622287893967396,6.85646704901243,1021.2419900066756,0.0
25.891370005839924,82.72392013907158,7.090605194509164,963.988129189834,1.0
22.102076561708486,89.90612116050131,4.626229567393163,967.2830753177678,1.0
28.951377432643184,61.81170284846171,9.551719917336564,1022.2573129081348,0.0
19.179696963549173,84.95326596787172,8.672942009598025,978.3497879097191,1.0
18.419027438129124,88.54764314590888,6.552419806390217,957.0121176943064,1.0
34.71532690901051,68.818809265396,8.878260899169312,1033.074295245308,0.0
29.54376941646838,85.6049050333598,8.747016726841995,988.0561336882663,1.0
17.444016406221444,96.94162868322141,7.252576604151365,983.8605735476111,1.0
34.55918828955319,69.54575208287427,11.246140481145316,1036.3802392660532,0.0
22.45872758838578,76.34344020989634,6.780161525590636,970.8383190908817,1.0
15.182317120347244,89.91013496087945,5.6701626098666775,950.9676705556542,1.0
26.318143111270235,72.56525592563405,7.067772168854458,981.3516713794158,1.0
31.67919998803627,68.92235249470325,11.067317247174364,1020.5298938607204,0.0
23.238399970591807,94.08560345794035,2.4710323401014644,958.2274904878223,1.0
19.368437102970628,74.51250673310585,0.3394597858579884,987.0813817918522,1.0
28.452231428016923,61.549935261160115,9.64238519739225,1012.1106103143841,0.0
31.107800710757683,61.35168417238146,5.669736120252715,1018.5878354985342,0.0
26.138383934766015,54.3070031940391,8.695741994267731,1012.0139810787741,0.0
15.162564772204476,80.25452055093628,8.056701529500533,964.7176300520833,1.0
26.512468287349346,44.28550861902516,14.803687409421851,1024.2127899389554,0.0
33.036035354415354,63.66797415328021,7.708063280369726,1036.9105845764986,0.0
25.263495397682355,83.5163240593028,0.6535634079894237,957.2575339078251,1.0
17.61549643507487,99.47135850725819,5.3998537971585545,962.1871655639217,1.0
28.92477843881588,96.98723719823705,6.262203216314154,969.253766065413,1.0
31.364013701834068,52.86106062959301,6.40324518193515,1043.6363484161163,0.0
26.262647415645027,59.549192814318296,6.053932181078052,1016.4271833884738,0.0
33.78978900282267,67.52457529395971,8.37206575565752,1020.8653272509748,0.0
30.339674725477636,41.08056454874279,13.218309465853594,1026.12831024533,0.0
29.78475681165901,82.94978638689038,6.186113782151843,953.5057098705536,1.0
23.13966952061365,82.02554250290919,3.5062693120918076,974.5573433904025,1.0
26.57954822835348,62.459357023786,14.14548663848559,1017.410814215333,0.0
28.302150648714974,67.87684160895562,11.760262880525474,1044.4881189463276,0.0
34.9543751619131,44.22408846678028,11.964298070361073,1012.2242208672184,0.0
22.871346474483566,94.31659992345499,5.679452305526294,985.9212219579995,1.0
27.910958748845154,92.4241281440127,4.084532130706987,971.4331073789233,1.0
24.90296065076597,80.00497515073432,8.717835665922017,974.6005187215546,1.0
23.352018936875254,93.82075567810888,4.303058948994627,982.0614844753196,1.0
28.479414115821665,65.51044003359686,5.640063466086209,1030.4232302983824,0.0
31.20660479824584,65.6961167124378,6.7935601028924095,1010.4521014635609,0.0
16.396541517088487,79.71037709212732,0.673506014687717,956.9935450904165,1.0
28.071908852815767,97.6261720159544,5.8008620783781115,976.7794782079276,1.0
29.40323418368349,50.80701756401284,12.387231507265664,1032.2713964371276,0.0
33.57179256998753,41.40555725582809,12.23447817850001,1043.0284380624266,0.0
20.115995265753877,94.5121621284784,9.629920038589946,963.8439890615114,1.0
22.97031947352222,74.57617128742784,9.362122462436899,979.5003343783603,1.0
29.345959608587115,41.866096784941085,13.956747776187786,1043.2379668422027,0.0
25.180065556004546,50.44286779504864,6.792532557392807,1038.2498465022104,0.0
27.41893828258839,53.73987277010714,5.19128966437287,1017.4293228802075,0.0
34.38304818448483,40.579828927528034,10.355538148796725,1032.63126219364,0.0
32.942106625494056,69.1077132917817,9.0188719989073,1027.0448495180892,0.0
33.99833345687273,54.30530404953451,9.045273855738696,1025.4239037005334,0.0
29.626756050653935,56.39290948233542,10.831908042770976,1042.6922124885295,0.0
24.937834265309732,80.74488154098522,6.158631881823045,969.341825868797,1.0
29.54001621196115,49.118275367650824,5.4035082685969975,1023.0084478510485,0.0
26.424294229930766,80.89246889195906,8.808707591989284,962.2209724263209,1.0
34.13286947576237,47.211967386805206,9.24850842868087,1014.6543394065799,0.0
15.248817433917843,96.90296273879275,9.811861780274235,985.1189728178027,1.0
19.563633644393065,81.29390100634149,1.8057534512733353,975.8989885661841,1.0
25.626532034553545,66.50394288958182,7.876327290436782,1012.6806615100484,0.0
23.200654190149194,85.6092310271138,8.700988739009299,951.7365013141928,1.0
34.64028847165514,44.89106010794773,12.791025863957868,1031.7679465001481,0.0
30.537114853580114,47.95978412666401,8.419052781054903,1040.29131913102,0.0
29.110956026007067,67.7914782019026,8.340499656687692,1047.5186092573558,0.0
30.57708826250044,61.42979907204993,11.775316138836846,1048.987623841942,0.0
24.440979572028937,80.02731672450882,8.178342161750216,957.4440567138511,1.0
16.409729097613035,80.37087980511758,0.09770847419183659,975.4880590723312,1.0
33.72753839566128,65.41182480951699,12.187396178535302,1027.7119254617494,0.0
32.88985159920793,46.14040327171852,6.877224056922521,1045.173208627139,0.0
18.659844650686253,95.25486330274816,6.385259476640855,952.4916719252025,1.0
17.995106732375397,82.44458507012996,8.620426509893134,961.394916078477,1.0
30.804676009936962,67.62983563289728,14.416919866580306,1019.259008550612,0.0
27.32790088935534,97.42896419681497,7.0468076273664675,983.0019764072025,1.0
34.66417385866407,60.9162814572891,11.747863021674105,1043.397888227776,0.0
29.12197213164788,82.02289182625978,7.33113022415281,989.3867895809803,1.0
24.467079389958943,74.90967828597114,4.09334006315043,974.6087775292405,1.0
16.46508171009576,77.42044305229592,7.247667715287615,977.2447141585993,1.0
27.013121078224334,61.035095847707794,12.051391455705634,1041.4948783259708,0.0
16.067829726903433,70.76159066981035,2.4723107440317706,979.31206179065,1.0
29.44833809160917,84.28151206597299,7.823854840582735,951.0478683412825,1.0
25.39459532890899,56.862183832077136,11.67760591603153,1011.6103201203692,0.0
31.36096046409542,59.69893221123628,7.149126370363959,1026.7066798326798,0.0
32.399041207669306,63.10474635271288,11.769407829968372,1047.88645851601,0.0
25.710076645332556,62.62794920041068,10.788067545119405,1011.3063624313799,0.0
20.08544686573051,73.44510474217611,0.4574203381251285,964.7013768916613,1.0
32.23973055466094,43.05411048848611,6.87920380815323,1036.4711092988655,0.0
30.77199886734551,53.09842569306298,14.390684794502915,1014.2349727285251,0.0
27.49546199849506,68.681414308358,11.248740996069989,1011.2010402131757,0.0
30.43024583957663,54.88776258647084,6.697284285769232,1025.907376577322,0.0
27.57607220333722,54.426704398090266,11.204737850519706,1025.239650946736,0.0
32.7201247630999,59.434523379715856,14.447362587830796,1029.7027628301319,0.0
29.755460374868267,68.41272001325558,13.373670797701507,1033.5340888393262,0.0
24.50294566141342,88.17324458070661,3.351188542591419,986.7756789285767,1.0
34.880359661555914,49.125961589088426,7.414964852568678,1032.9216880247607,0.0
17.173423081368348,87.60523354062637,6.974714616692836,960.5245027964337,1.0
30.720486433693008,67.23696381338858,14.971823539029504,1047.5326291460526,0.0
28.865405068230277,51.8966104596989,13.829148165187222,1012.0517539592486,0.0
30.717723520483222,48.71513517014261,6.4284196481433185,1017.624393322978,0.0
17.418319308810066,93.98231196727127,2.2444057183666066,976.0350947618878,1.0
29.595158321286682,74.19317129878868,3.9759439796279428,970.3768851259916,1.0
32.884473432532985,54.7859375334234,13.285555979060813,1012.6466075533776,0.0
22.62856036747054,72.66107601271167,9.27752283195213,964.1998522332775,1.0
26.84427214191831,84.62293594748542,5.072348086883924,950.1287305441712,1.0
26.2856179415652,74.20339527299357,9.33875017527905,966.504873633945,1.0
25.938572848233562,51.644971183809865,10.325040664159818,1045.8225139252736,0.0
26.054736999566305,42.15327418679539,9.08151690866698,1028.159596447988,0.0
27.54391580841847,41.49937085979036,9.51294113029255,1025.9807513834774,0.0
26.748814371759593,61.396206498478534,6.594922625413583,1038.9839314739052,0.0
23.090133628734762,92.44779071150975,1.2951492128280417,979.2260204095699,1.0
28.422410256414732,86.82813914606159,7.987832357736654,985.3682585339363,1.0
18.593428360004587,86.11319625455644,8.37013328363672,962.1251342378132,1.0
27.396861991616124,87.49124682909077,7.364020150656405,951.4124541976096,1.0
28.023332493514935,43.07547892199423,11.495089297074474,1010.663699225304,0.0
24.952526536620837,94.29623337563905,4.459027063767484,958.641527300384,1.0
29.503509789054128,46.359821640959744,13.247432373470076,1034.605165621648,0.0
28.547712918359842,68.52785783507645,6.564767160036006,1026.3099242001092,0.0
33.92523289954846,58.92765370687491,9.19271661166022,1031.2581965675722,0.0
24.01672517614813,98.49399739875773,2.4966800885918596,974.3162037117378,1.0
31.170665161178015,44.850143087108854,5.68713677723961,1023.9007518125502,0.0
19.56920653760056,95.48942172032234,3.3987496376806616,957.2459739813872,1.0
21.363330138704644,75.26113835870349,8.689049844787181,973.9290117625495,1.0
26.73761593135744,51.06121512594386,7.483836087432075,1025.914628120697,0.0
19.753830077344166,80.04716843971258,1.2518579220255044,959.6480583039817,1.0
24.5614485224731,88.20145139148568,5.412963353010705,961.8614232515063,1.0
25.636409092866423,57.34895198261082,10.00112752076627,1036.5409437565381,0.0
30.193858595039373,67.1833300639749,11.100074170794857,1031.5209082145561,0.0
29.177609792750996,67.29829431563176,9.589405165968204,1044.9628709322074,0.0
34.02894995191987,41.73533348341482,7.45352314166211,1027.8685810903407,0.0
26.668602016987528,60.80854172421385,13.979191869576658,1031.2517607340374,0.0
17.10126022854786,77.45467419443398,3.1036195892357377,953.9233032313698,1.0
26.407115280487584,65.18015477068008,11.376882468959355,1032.8504187974838,0.0
18.23731541245265,86.95399550767627,1.0456784033440025,952.8833734399469,1.0
24.47755818254699,86.5614154255594,5.31169528001032,967.9444252381817,1.0
28.623988289499806,72.60760864262271,7.083629767150348,951.4464152209905,1.0
29.820410581120825,68.54289431085496,14.017740285462287,1014.7483638203645,0.0
33.19063513861656,48.9415662591833,8.711129384301278,1019.5258661466279,0.0
31.88405018492137,65.07477783731548,11.66847391305658,1026.128425327353,0.0
29.583006415286565,50.46461601908438,7.053329387067998,1042.152195619339,0.0
28.711724234376277,55.20761313885504,7.4339668321853045,1046.6568217812826,0.0
29.25617226114838,77.3920609971732,3.885581012703457,967.4740281046072,1.0
22.54018534843292,90.37306957433469,6.584518346584255,983.0427052101011,1.0
24.143465009698453,87.80777360662145,7.974260216069281,955.1085393454094,1.0
32.03685977460796,66.95681814024518,10.149333499132595,1023.7354680871058,0.0
33.26707359741488,59.83042762741961,14.906791570657658,1017.2473311620033,0.0
27.39510169909538,42.268151218502524,10.568784431720958,1033.1156445077636,0.0
32.48826336963307,59.72060446510386,7.923831104121931,1046.424228688577,0.0
20.619189219397068,85.06585030993728,9.876495637360579,985.4769960083707,1.0
23.750531476457397,81.6788684212593,6.5784530460303605,965.3533180773218,1.0
26.068453750436525,97.59566849238281,3.3689579177110685,971.2120853299664,1.0
27.258333003018237,87.14838068409699,6.878857223008134,986.9102876205358,1.0
16.65077886791515,84.53568955573064,8.09516074724878,988.3050113802152,1.0
33.73698593466345,67.54717260026311,10.070596467387183,1047.5392863285663,0.0
27.76904487377809,61.20929462367148,10.894539894846972,1047.084951274578,0.0
19.513174647251546,79.82492056533744,5.657319639957911,974.9434275201104,1.0
29.888978317924515,48.22214768026573,11.971358058918092,1012.024898890763,0.0
28.456653899288657,87.43714664267837,9.688778552856915,955.4066515661929,1.0
34.83521472715222,41.880688648655976,11.13291684887379,1048.7970610138077,0.0
26.936890041541517,89.23442898655892,4.988881534513561,983.6348631770369,1.0
20.402859621168943,88.34362706303943,6.894649691372657,977.2091111683342,1.0
16.54685803253899,76.23658765438083,1.6704190790094986,972.1690605652807,1.0
19.77005212457796,81.11416308374146,8.621276172654506,972.4918726351164,1.0
28.160090300714714,90.05929659773292,9.320281055100175,982.8992225453744,1.0
17.424430711419205,80.09812834581761,0.22123551528997254,962.4726453234103,1.0
25.593633407347443,73.53253248670424,2.0185345212294834,969.9302272905381,1.0
21.422762224759715,81.51673664119635,1.3124487768238757,950.7676910729223,1.0
21.726682829674797,83.0837958740595,9.366056922949614,978.8828375281095,1.0
34.840131632104644,42.35367448951372,12.56730167068568,1034.9101361295936,0.0
31.31307553091989,68.73802363170311,5.6904590631459975,1021.9976827910809,0.0
28.6459372819754,69.19234488916999,13.580232710072291,1030.5638177020503,0.0
28.838388830449794,67.58593073968149,12.499777984520708,1022.1314356339714,0.0
31.01074166800233,52.28236215451055,10.573371695730081,1035.4165742744765,0.0
22.661209538663485,77.57310833032062,2.5975378376032623,968.0148374503274,1.0
32.31496490340362,62.83113370752349,12.379173933540255,1011.6023647620278,0.0
22.578785586717856,75.44306305269392,0.3667142693354297,980.4396304011237,1.0
26.400240975533176,65.61354765114001,9.6630975614017,1042.0392280161345,0.0
26.042248028083478,42.28717653920693,7.53272383522715,1031.8678272828852,0.0
30.932215701073844,63.55568629445225,7.342033709263341,1028.8384100973894,0.0
25.275367198694656,69.00536499397856,8.604268271414862,1049.1341914822742,0.0
27.73835115741267,91.92602425610933,2.7325952699820935,959.567204168637,1.0
30.407937549855443,43.1609476675257,14.207666084633573,1046.337382075175,0.0
34.64017407117702,59.891415754102674,10.661806912250709,1025.8062118988921,0.0
31.692002629380784,47.79714937728499,11.056378893234115,1022.5551230606011,0.0
25.870927667957716,62.71930621403317,8.725332737595508,1027.2493547916624,0.0
28.879867599468696,49.087927169212875,5.143814460720851,1042.217201721839,0.0
34.841103190364976,51.319541618895784,12.327334747861652,1019.9867581096092,0.0
31.729666223944324,63.410965090206446,13.149397285405392,1011.6766086686503,0.0
32.73879655730156,44.41909132836911,7.043163833989703,1014.7956437389084,0.0
19.2305185885696,89.58238323555624,7.734731256866007,950.3732647930838,1.0
34.094546109372416,63.58616956783174,11.09697425152616,1021.0095672414803,0.0
29.875711936733843,66.79270615586245,5.51835799119729,1012.4957627439311,0.0
25.53726125980664,96.30296910285249,4.799388347171235,969.0407251747506,1.0
29.11021075265546,50.71088031910037,12.728095732903373,1029.094015924896,0.0
29.79959367751763,86.6253400754738,0.9390071578941839,963.3695327478424,1.0
23.754841677763082,97.51940726386728,6.194903460096145,988.2645848433383,1.0
28.945464785138597,88.83701168472723,2.2381761482262306,971.3183114620534,1.0
34.0719503070583,57.853950247170445,14.137884438732593,1030.9894255064573,0.0
23.653558269395386,89.955916620886,2.131047040250833,971.0816585564661,1.0
32.291734875494484,50.59151174800907,11.946409588937279,1012.8043255856503,0.0
34.06143254765766,48.28508673462699,5.09054161580371,1021.4283027064356,0.0
25.696411481624057,51.8539272283451,7.602365979852293,1011.9845749335535,0.0
25.245101601245352,82.2620251329429,4.922778564480348,983.628121120448,1.0
33.77090581018189,47.04920214987858,10.726072328820225,1042.2259522145337,0.0
25.801800140819033,67.55279296436225,11.323913243283874,1029.0238476728803,0.0
22.38776540728296,85.69196274307357,0.3113408288451136,967.0433353556149,1.0
27.76814307791306,47.25931390951136,5.756997273097875,1014.1781807240061,0.0
27.792760884544105,51.033579632684585,11.642193849889683,1016.9398420142008,0.0
17.599414801062686,81.97008111610391,7.315895217553319,980.7689259135253,1.0
29.942124472503,52.98187408059114,12.873870267523328,1033.8764276218662,0.0
19.789704563856223,87.70884827544424,2.0584121003676827,962.2241686196086,1.0
31.45822386286484,52.75684556313082,7.490087361090899,1031.6118612716123,0.0
34.10770161643915,48.79925832341694,11.105467550154245,1048.5344128178415,0.0
29.103453621374364,86.94523399787849,2.768277972350516,983.6799421156024,1.0
23.550917551340476,96.81677749152873,0.6420893707513409,954.3894479471002,1.0
33.5569609383754,58.672409246979896,12.021460961818295,1010.275118488786,0.0
26.65954895295785,60.61057799509729,5.811491785362391,1044.8267613650207,0.0
30.597556836383824,40.13089808950927,14.327105081327613,1028.332943783503,0.0
20.63374428959916,77.55397176720858,5.5964868348691414,968.4590985849894,1.0
27.67312966454182,91.47916686542193,4.453052550026655,973.6139076183509,1.0
26.026065657058286,93.99748256119568,6.567366645412922,956.4028653981829,1.0
18.978035515225884,87.23419339539736,4.197273169261223,977.6864536677652,1.0
28.472770390305076,53.85148431439357,8.731226184223836,1015.4183814717876,0.0
34.9281683899907,56.95255937358269,7.176673995805361,1020.1143247300045,0.0
15.647398679258641,91.9771629163075,8.78515561301348,960.9228323989125,1.0
15.679560146580668,99.90622755537842,3.7103876298460268,957.8988195943975,1.0
32.59398262417964,43.277926309288645,13.32830376788271,1034.9052213439463,0.0
33.581770531571635,61.07621504604421,5.684587193335781,1018.3016374482281,0.0
33.635475225145456,55.143867949135846,5.519893519777074,1028.002345577049,0.0
28.139667173773528,62.627447790462426,13.644332468683642,1037.521822282965,0.0
31.057792494526904,41.63903260002917,13.066650530268165,1029.3608229003762,0.0
33.82416368407338,49.400437527554296,7.144064829931645,1017.0049256052141,0.0
26.205584164036903,55.17873723204795,5.769716693808741,1013.0721219325768,0.0
27.934888232081217,68.80406813216342,8.211621526359535,1049.3426882605465,0.0
33.216368977104715,50.80151397702935,8.684489199165789,1016.1796881601971,0.0
31.78669956672565,63.62647257576337,7.709426983163654,1048.8460362947314,0.0
29.622955610006073,55.67729798010235,11.036372005593751,1020.9456167144309,0.0
31.262343214210638,65.85072711362037,11.908839765508228,1026.7850953122725,0.0
29.51239344180988,58.104792881301364,6.0590580440375765,1029.5757014962635,0.0
25.076640326492253,57.806828061363575,5.665647279142228,1036.348705549081,0.0
19.877749830401207,77.2043685633458,4.674015112498697,955.4575901022694,1.0
28.72296585330673,92.42828140528754,7.70921844644052,980.7721957456536,1.0
30.466482201877884,63.21974134458287,6.025679625835898,1047.3282035103723,0.0
25.923245229177894,87.12334914006736,0.29247283034559146,967.8881016201934,1.0
29.187933190741614,64.13311623038516,5.5658565614671565,1016.6996435637643,0.0
27.125960221746915,98.34297189647285,6.962887758781397,954.8754437334779,1.0
33.50616057841138,59.75621547010165,6.793646820122104,1018.4202775866137,0.0
25.163465427634236,75.20120785884265,6.169269183757422,965.2249317390632,1.0
26.006374785235334,63.02702885553755,9.425455148147456,1011.2185474523584,0.0
28.745528870201213,49.96573099346814,8.230273457540939,1040.0959152921514,0.0
25.66443844355775,41.16789889977002,8.827987644363878,1032.026535177634,0.0
28.61919990837865,47.53004149786901,7.022541805245349,1032.487552442581,0.0
29.40441350312424,62.77015847565793,14.811179078679357,1014.009822548915,0.0
33.52263874391181,68.73369402964612,5.577321592251172,1030.0607184140067,0.0
22.40693394546586,84.21884920788617,1.7652803200550826,973.1354766802564,1.0
29.59239877596958,42.18705506103711,11.23648778290266,1026.7442909967333,0.0
29.106878765293715,83.88039357008819,8.686231679556109,983.101515822675,1.0
30.828068350834897,45.8749925240281,10.409050038380808,1040.281924587945,0.0
33.79581854951529,46.780869934479995,10.97668282702703,1045.5807724417505,0.0
27.60286857566003,55.928130352362814,8.077958316807457,1043.0743424389102,0.0
16.762893701656573,72.48396003775379,3.938644056541585,954.7334476369355,1.0
34.45698147000282,68.43064077893412,7.874616648972501,1030.2203504155946,0.0
32.055858626438244,64.32635743023755,5.389793206611304,1035.1928261773883,0.0
16.522073142990482,79.67061534924169,6.832953766065052,975.6330525876083,1.0
20.580271286891747,94.90659593700974,1.6975790508754074,982.0028387479664,1.0
25.055057991604208,53.10987656996863,14.680658120507589,1011.2977378418875,0.0
21.434910410625275,96.89007455563359,2.487142725876299,957.5209893846167,1.0
30.916971623063255,55.8897917183686,9.742550209769536,1033.8432782095322,0.0
30.936607912085385,56.92222086500553,8.138268082244156,1038.5901310577578,0.0
26.197371076770363,98.95080731999538,6.804993020747131,977.8014091543421,1.0
17.34027960663655,90.54193517661638,8.065611478614498,965.2078247514343,1.0
27.374334683748064,55.01810713464123,11.284264566145872,1016.5762211631552,0.0
32.10242798623312,63.45471590034806,10.844489097574261,1028.7227621693717,0.0
33.88403672308681,51.79585603083767,10.86936506558907,1014.8155031515636,0.0
26.842248392380263,47.40471607605707,12.140527233781267,1024.9819297351833,0.0
25.789691621908286,68.88305050759618,11.16300485925724,1040.1547233083966,0.0
25.676683619000016,42.329480040148155,9.227286368939323,1013.3094734247276,0.0
29.68767965464506,49.08747186499578,13.908555349831467,1047.1452224846157,0.0
28.039464012407237,51.372821460158086,7.499569463976212,1019.477332996266,0.0
15.381286901161427,75.76867056426012,7.795844735667533,953.4263299838573,1.0
34.31753719432817,55.64378916164416,7.201113259047531,1020.3868335580165,0.0
30.98357484297759,46.847060904810974,8.542713272172158,1013.6944211244552,0.0
33.77830078152041,54.29310959031375,7.710962537640658,1049.5780452386023,0.0
20.838025181012448,94.52330685215323,8.441704489691972,988.3229392047753,1.0
34.06254580521036,57.205868543667194,7.50467898792499,1049.8895159961442,0.0
22.801020317667163,90.14719586778399,0.2440078155653802,972.0090616862504,1.0
15.975773894779193,99.89910511221716,2.3000883728770303,978.6460269689278,1.0
25.709322161337735,46.27556396223783,12.9155820259137,1045.9354586633615,0.0
29.189477901874753,51.15172199207029,11.541327370278736,1037.3546580734137,0.0
24.630474692314316,85.97768297654758,7.582631959290226,988.6328864461289,1.0
29.143645558687787,73.21516034019328,6.832587636595959,987.0871127791781,1.0
22.713516576204174,78.20221215792118,8.445493985350703,962.2915985970515,1.0
33.22422373668279,49.94694097201581,8.683472137943513,1030.097091486655,0.0
26.922169553124725,74.92797393792979,8.940992036791345,962.2501448314645,1.0
28.353956758363744,94.573069530226,4.486936226225307,979.1803291460959,1.0
29.876670686212645,64.20896472651981,12.234436623549119,1023.7583074623075,0.0
27.217027238834035,70.8128797751045,3.5923336939976567,961.9019380527528,1.0
19.298118781924266,83.86017410932398,0.33203108791366565,952.6660816224276,1.0
25.087776841155577,92.90817382479283,4.521990282834353,965.6610279271132,1.0
27.27179557023515,66.70645007908523,5.704919456431447,1034.3327800003108,0.0
21.189265153671396,95.67089404318857,0.7349674733001266,966.0597726344515,1.0
27.03766459127689,56.57502902223668,8.990353176424346,1032.7090927172421,0.0
29.615922114992497,98.50712061462407,3.797857801792298,952.2821888460502,1.0
20.45444403568941,78.07729692848143,4.80586577326648,989.699340086335,1.0
27.43106263727894,74.0911442676031,7.682734138645182,981.2210206097544,1.0
29.548182400614586,98.10489217974273,7.384492092513265,983.267881747031,1.0
28.577982653254416,55.01203437130604,11.664630475268357,1027.1994085648423,0.0
15.10428195796786,71.10049608671794,3.72688517012314,953.8670579858688,1.0
26.306523438234628,65.16991983154033,14.609201469288246,1024.988878820295,0.0
34.63394434213551,60.77597294611324,7.85758324592706,1019.1746310815068,0.0
26.21025000485193,62.83023770486176,10.97155305990302,1047.349976920059,0.0
31.2340595815944,50.06831362809528,11.359403268267108,1011.1460971031062,0.0
19.21401764531071,80.51762676419791,4.213570022770702,982.9045727405471,1.0
29.935465803401186,59.998014371398575,12.087656552291541,1019.0608650414442,0.0
17.727374508106507,71.35656010318569,7.055751725156885,957.8311194273418,1.0
25.08203321108818,78.51327717396174,1.586051052930737,972.1520896284951,1.0
16.83057352267168,98.62153081776167,5.394912923753372,978.3618504688973,1.0
19.16071774471699,78.16435411689888,2.2726962726315145,974.4090059791057,1.0
19.227821621601,76.65916485798849,5.9295085143492745,972.6008797143606,1.0
23.328012173991937,78.39937280980853,0.678370591051719,969.4824767527574,1.0
29.433800143791878,53.43020276231255,5.181240410457297,1021.5178137070397,0.0
19.880995472389017,94.91858223363187,0.823810456158427,952.3112224398546,1.0
27.806832155159743,69.43431195375466,13.773504531328387,1012.6893672036224,0.0
29.09248412346284,86.55720516323457,9.390676985128962,982.7675543770716,1.0
29.46419516401582,57.73390909775549,5.883849469845187,1032.2816205310014,0.0
25.554867890700358,80.871816973499,6.802282424312914,963.5307002397799,1.0
30.989785081772105,64.33371309800413,13.705269662693842,1026.0962503719725,0.0
26.12580390411937,40.707848939365874,12.324010490583792,1020.4419410493939,0.0
25.124040362773147,51.94015878863509,6.6574817696522075,1024.9003572621386,0.0
22.833648900822066,96.16371726832455,2.0015024424481007,953.3916806418322,1.0
26.107205933263156,69.2804146983764,10.0313247255154,1037.1399987317054,0.0
20.77646592902888,98.19496370840426,4.815223515125501,958.6080748806895,1.0
28.012652607600003,41.97084576863097,7.4153684170168175,1012.472338427569,0.0
24.738154531740953,88.09456328399165,6.512329770414921,966.3961955878515,1.0
22.389376564362887,81.49415584748492,9.309486955069778,987.3245332537423,1.0
30.77279029233131,44.71819624539146,13.629968313588721,1023.3760471595499,0.0
26.314891198979815,63.148807329358235,11.616842883998565,1033.105270173777,0.0
27.950407076541563,68.51377511725887,11.92358922461058,1024.9383178053083,0.0
19.4038776639674,94.63771914016039,2.9166257870930323,965.7790511428014,1.0
16.262099474925733,71.5547061046728,0.2458691645880151,967.2999151332053,1.0
24.48458745890369,99.59545746378939,1.288698674734452,970.6271771078599,1.0
31.690223373291083,68.65345621875105,14.685373316998922,1034.9599394211593,0.0
27.99919111506985,54.52231209130605,7.223613047481702,1033.808513365075,0.0
28.538293600193498,70.79596611621459,1.6761921628831766,950.2091845417165,1.0
29.225484283119446,43.7665064428796,6.938630679368927,1022.7019880103036,0.0
16.106948471030982,87.85233792100765,8.078459419412585,960.3718703546309,1.0
32.14032644466857,46.860303388108264,5.664633257762722,1024.5023918623638,0.0
28.845113276448124,48.24111445143676,5.099787766584494,1046.0965213314441,0.0
18.739383437233123,83.82336304098177,1.738952492194873,970.7623916363308,1.0
32.86278199384033,48.8587148214383,7.674020278575413,1039.0002430519648,0.0
27.10252108900896,77.29516572998362,4.5378954138363925,989.6723980539746,1.0
29.260714596148745,86.08289099032362,5.419009473783581,969.1672751051892,1.0
28.403871042545056,57.51318341542335,10.968518768877594,1016.4090240390602,0.0
34.44042093825398,61.146130301301454,7.770125243259788,1018.972742354141,0.0
30.125026487703316,61.212594318000946,5.920669860824754,1042.8952484474141,0.0
27.946551388133905,83.77407268714784,7.863450144155521,959.2778838446391,1.0
15.137955774249445,99.69880697169836,7.704074178077932,954.2265873704697,1.0
29.48448049611839,93.06962245541531,0.7695320162920916,966.541964061014,1.0
31.00651066548356,52.98448006628408,13.213883629006943,1047.2621965723793,0.0
25.653661575643852,65.40906562621181,11.740199190587926,1043.895517222855,0.0
28.315562741374496,86.24902643982601,9.51811785423239,969.238915595445,1.0
16.66796223459227,82.5631157467622,0.3038705969683686,989.933900455718,1.0
29.41785845735871,74.65720737792138,7.158249646820885,951.7269494318805,1.0
25.698671808344926,89.22624234409643,6.496466489923685,989.6502397480875,1.0
16.46751240976502,88.96792863758591,0.30652502205806065,958.984624473754,1.0
25.25447759905751,48.47417279110011,13.448713477552289,1043.317188622969,0.0
25.519565775542684,52.086198478979114,11.485048201186881,1028.3372569652574,0.0
24.237751470783245,82.43872371181071,4.2549333444807536,959.6277084733002,1.0
32.435939161765596,41.316998279290154,13.433261677878832,1042.8392406919656,0.0
29.308928655038812,79.04133622492427,7.765968527917417,979.3445752224561,1.0
18.185086660174143,95.98191668501225,0.394268113685059,950.7293033070545,1.0
25.43961309140547,85.56514171378217,6.4357769519652495,988.7144013938013,1.0
34.150900684070436,58.88673090675209,5.926254830513672,1015.648941734926,0.0
17.661593156695844,77.1454834314018,1.3087366071834983,959.867154580865,1.0
28.698608288347067,81.91861871681101,0.39618825348357145,988.2133874601572,1.0
19.811700974576038,77.37873185153525,8.32134177957742,958.3404205742934,1.0
32.511780478084184,51.7737455868844,13.891279239400099,1031.2628861074693,0.0
32.61798191377697,56.58121227155635,13.809730056396575,1040.0987335034597,0.0
29.59265197173214,68.70399446452859,13.953460891531693,1029.490614164002,0.0
29.218281785388314,40.27115407237876,13.044946424318223,1042.8278464306711,0.0
23.764714678846502,91.8456626861081,3.2458582990027027,955.3391988966378,1.0
27.757675682513568,53.1298398444461,6.536910428442045,1043.29454158644,0.0
27.71949726128631,46.01423546585208,10.717459831437488,1045.8946346316372,0.0
25.595247003477716,59.87302035103204,12.422531871990872,1042.3362295557477,0.0
20.552380503831664,85.08161170277438,8.447832281168877,950.4412505771459,1.0
27.013637821359744,46.97152969168143,5.151106842144751,1032.9715030036084,0.0
27.753811742554184,54.29007199903296,12.780252431446531,1026.767315036085,0.0
33.06403617232839,41.50678034391921,10.990445871503816,1012.2791490798948,0.0
33.71204482263052,43.73105197001531,8.568859751711102,1047.1657886884675,0.0
18.627784363506777,75.6113124567257,7.081720886452816,980.5923920361198,1.0
29.724933550065135,69.43577587492348,13.549740195614744,1010.4324433454078,0.0
28.804005489704096,63.18764445628345,8.927307432714162,1020.6198562971629,0.0
29.894471941789504,77.86792132899475,6.675933855635847,987.6271698046136,1.0
27.12644376371096,65.06440677226583,7.891874462959498,1015.019451871966,0.0
25.336136001832827,41.87372780857214,10.48858665077356,1023.4111620031318,0.0
15.67840933365807,92.65411767020856,4.798756203039089,983.5944521146688,1.0
22.915516636294498,70.93549405183855,3.270331615632387,961.949022943551,1.0
25.622731058818857,63.83546633472246,7.972907903073336,1022.2585387217129,0.0
34.02453307285842,46.62558348889027,11.961561451379252,1024.1866481994034,0.0
33.3137351438571,44.40888128764629,9.11958095034102,1026.4478995553018,0.0
27.767050072752852,88.83124159214253,1.1730818896239448,950.4848309857557,1.0
17.092407909780626,81.42672569893065,2.9734900737255074,987.3774410722206,1.0
29.439726220168875,97.62525647852117,8.172977699624937,950.8377984412365,1.0
16.782268744021078,92.14100849279112,6.5888547023265716,981.4260647232093,1.0
20.516746990788796,80.68290177693538,8.258167505647627,974.0237733344247,1.0
26.974427684501627,76.87754185697925,2.4204501586252745,977.5253882434616,1.0
26.391967013456956,60.83786281759856,6.6735703223678104,1044.7363809578774,0.0
28.458236369299904,82.76309315849251,5.8217046017627325,970.1026430585378,1.0
27.05221395577273,75.35633986163,3.251900642246949,968.4622989767915,1.0
28.970150412371915,69.3192372397451,8.505205342861618,1048.7889453119192,0.0
23.601568321849292,82.2823495657372,0.5708685608931485,964.732381220274,1.0
24.30198896702305,90.8408941256328,3.732517916293401,956.3563267067741,1.0
21.507774738569594,98.83210952408365,7.271690697663081,974.517583299781,1.0
30.123637775457908,60.38860998205323,11.886316293078757,1014.6633229822279,0.0
26.927792921530553,83.52518114212396,3.3945019254280604,956.9643734133633,1.0
31.20928567478431,66.40470213764455,5.21913328775009,1030.0510257850292,0.0
21.261165047231685,91.40048757653658,7.234201136885849,980.2465331558099,1.0
33.4144755308476,60.33439600930133,10.026312426301304,1011.3964621062489,0.0
33.45604362989907,68.39369539451216,10.953032659274891,1017.2711546886944,0.0
16.618371404899566,71.22605848799437,3.501252591667301,985.7676349865648,1.0
16.416644411338925,89.31998629717047,8.543850933695792,970.2341077180731,1.0
24.563362070328196,73.86639165731948,1.6703394609207523,966.1727507241717,1.0
15.84454913522756,74.98850106268239,2.1567515239771717,975.4470945883293,1.0
20.339590179768923,76.73814468819945,5.553635509376313,989.198813174354,1.0
25.68268832021304,80.46604799628986,6.936822257814886,952.326551820219,1.0
19.28568129422791,91.57137715552736,9.771741842213173,957.3790501253455,1.0
28.4413694988524,76.28047970010131,9.556514982297534,952.4056937040314,1.0
31.542925523249618,49.488104491879206,6.992703364668008,1024.6956291478828,0.0
24.17779342083569,87.82392146056405,6.974202672468399,952.4106956115825,1.0
34.768003285106595,55.63888142962417,10.533711897497717,1034.4585444490265,0.0
17.980735223012587,93.5095903822343,2.3360775104990994,956.7205683097945,1.0
21.155743845534445,76.19001155217377,3.9624201890265875,952.7045025436886,1.0
27.140417332177705,73.31895210865622,6.949818861265426,968.3778707362395,1.0
25.11706610730904,66.00311063518001,12.962414505413685,1042.5868401883995,0.0
25.5145369718868,78.16921979558107,0.2997358987267795,982.1995599872308,1.0
19.7153397161449,75.3103145283024,8.837858849634257,959.0662560890795,1.0
